n,frequency_Hz,amplitude_mA,phase_rad,electrode
1,100.000000,0.059990,-0.031416,1
2,200.000000,0.059961,-0.062832,2
3,300.000000,0.059911,-0.094248,1
4,400.000000,0.059842,-0.125664,2
5,500.000000,0.059754,-0.157080,1
6,600.000000,0.059645,-0.188496,2
7,700.000000,0.059518,-0.219911,1
8,800.000000,0.059370,-0.251327,2
9,900.000000,0.059204,-0.282743,1
10,1000.000000,0.059018,-0.314159,2
11,1100.000000,0.058813,-0.345575,1
12,1200.000000,0.058589,-0.376991,2
13,1300.000000,0.058346,-0.408407,1
14,1400.000000,0.058084,-0.439823,2
15,1500.000000,0.057804,-0.471239,1
16,1600.000000,0.057505,-0.502655,2
17,1700.000000,0.057188,-0.534071,1
18,1800.000000,0.056853,-0.565487,2
19,1900.000000,0.056500,-0.596903,1
20,2000.000000,0.056129,-0.628319,2
21,2100.000000,0.055741,-0.659734,1
22,2200.000000,0.055336,-0.691150,2
23,2300.000000,0.054914,-0.722566,1
24,2400.000000,0.054475,-0.753982,2
25,2500.000000,0.054019,-0.785398,1
26,2600.000000,0.053547,-0.816814,2
27,2700.000000,0.053060,-0.848230,1
28,2800.000000,0.052556,-0.879646,2
29,2900.000000,0.052037,-0.911062,1
30,3000.000000,0.051504,-0.942478,2
31,3100.000000,0.050955,-0.973894,1
32,3200.000000,0.050392,-1.005310,2
33,3300.000000,0.049815,-1.036726,1
34,3400.000000,0.049224,-1.068142,2
35,3500.000000,0.048620,-1.099557,1
36,3600.000000,0.048003,-1.130973,2
37,3700.000000,0.047372,-1.162389,1
38,3800.000000,0.046730,-1.193805,2
39,3900.000000,0.046076,-1.225221,1
40,4000.000000,0.045410,-1.256637,2
41,4100.000000,0.044732,-1.288053,1
42,4200.000000,0.044044,-1.319469,2
43,4300.000000,0.043346,-1.350885,1
44,4400.000000,0.042637,-1.382301,2
45,4500.000000,0.041919,-1.413717,1
46,4600.000000,0.041191,-1.445133,2
47,4700.000000,0.040455,-1.476549,1
48,4800.000000,0.039710,-1.507964,2
49,4900.000000,0.038957,-1.539380,1
50,5000.000000,0.038197,-1.570796,2
51,5100.000000,0.037430,-1.602212,1
52,5200.000000,0.036656,-1.633628,2
53,5300.000000,0.035875,-1.665044,1
54,5400.000000,0.035089,-1.696460,2
55,5500.000000,0.034297,-1.727876,1
56,5600.000000,0.033501,-1.759292,2
57,5700.000000,0.032699,-1.790708,1
58,5800.000000,0.031894,-1.822124,2
59,5900.000000,0.031085,-1.853540,1
60,6000.000000,0.030273,-1.884956,2
61,6100.000000,0.029458,-1.916372,1
62,6200.000000,0.028641,-1.947787,2
63,6300.000000,0.027822,-1.979203,1
64,6400.000000,0.027001,-2.010619,2
65,6500.000000,0.026180,-2.042035,1
66,6600.000000,0.025358,-2.073451,2
67,6700.000000,0.024536,-2.104867,1
68,6800.000000,0.023714,-2.136283,2
69,6900.000000,0.022893,-2.167699,1
70,7000.000000,0.022073,-2.199115,2
71,7100.000000,0.021255,-2.230531,1
72,7200.000000,0.020438,-2.261947,2
73,7300.000000,0.019625,-2.293363,1
74,7400.000000,0.018814,-2.324779,2
75,7500.000000,0.018006,-2.356194,1
76,7600.000000,0.017202,-2.387610,2
77,7700.000000,0.016403,-2.419026,1
78,7800.000000,0.015608,-2.450442,2
79,7900.000000,0.014817,-2.481858,1
80,8000.000000,0.014032,-2.513274,2
81,8100.000000,0.013253,-2.544690,1
82,8200.000000,0.012480,-2.576106,2
83,8300.000000,0.011713,-2.607522,1
84,8400.000000,0.010953,-2.638938,2
85,8500.000000,0.010201,-2.670354,1
86,8600.000000,0.009456,-2.701770,2
87,8700.000000,0.008718,-2.733186,1
88,8800.000000,0.007989,-2.764602,2
89,8900.000000,0.007269,-2.796017,1
90,9000.000000,0.006558,-2.827433,2
91,9100.000000,0.005855,-2.858849,1
92,9200.000000,0.005163,-2.890265,2
93,9300.000000,0.004480,-2.921681,1
94,9400.000000,0.003807,-2.953097,2
95,9500.000000,0.003145,-2.984513,1
96,9600.000000,0.002493,-3.015929,2
97,9700.000000,0.001853,-3.047345,1
98,9800.000000,0.001224,-3.078761,2
99,9900.000000,0.000606,-3.110177,1
100,10000.000000,0.000000,-3.141593,2
101,10100.000000,0.000594,-0.031416,1
102,10200.000000,0.001176,-0.062832,2
103,10300.000000,0.001745,-0.094248,1
104,10400.000000,0.002302,-0.125664,2
105,10500.000000,0.002845,-0.157080,1
106,10600.000000,0.003376,-0.188496,2
107,10700.000000,0.003894,-0.219911,1
108,10800.000000,0.004398,-0.251327,2
109,10900.000000,0.004888,-0.282743,1
110,11000.000000,0.005365,-0.314159,2
111,11100.000000,0.005828,-0.345575,1
112,11200.000000,0.006277,-0.376991,2
113,11300.000000,0.006712,-0.408407,1
114,11400.000000,0.007133,-0.439823,2
115,11500.000000,0.007540,-0.471239,1
116,11600.000000,0.007932,-0.502655,2
117,11700.000000,0.008309,-0.534071,1
118,11800.000000,0.008672,-0.565487,2
119,11900.000000,0.009021,-0.596903,1
120,12000.000000,0.009355,-0.628319,2
121,12100.000000,0.009674,-0.659734,1
122,12200.000000,0.009979,-0.691150,2
123,12300.000000,0.010268,-0.722566,1
124,12400.000000,0.010543,-0.753982,2
125,12500.000000,0.010804,-0.785398,1
126,12600.000000,0.011049,-0.816814,2
127,12700.000000,0.011280,-0.848230,1
128,12800.000000,0.011497,-0.879646,2
129,12900.000000,0.011698,-0.911062,1
130,13000.000000,0.011885,-0.942478,2
131,13100.000000,0.012058,-0.973894,1
132,13200.000000,0.012216,-1.005310,2
133,13300.000000,0.012360,-1.036726,1
134,13400.000000,0.012490,-1.068142,2
135,13500.000000,0.012605,-1.099557,1
136,13600.000000,0.012707,-1.130973,2
137,13700.000000,0.012794,-1.162389,1
138,13800.000000,0.012868,-1.193805,2
139,13900.000000,0.012928,-1.225221,1
140,14000.000000,0.012974,-1.256637,2
141,14100.000000,0.013007,-1.288053,1
142,14200.000000,0.013027,-1.319469,2
143,14300.000000,0.013034,-1.350885,1
144,14400.000000,0.013028,-1.382301,2
145,14500.000000,0.013009,-1.413717,1
146,14600.000000,0.012978,-1.445133,2
147,14700.000000,0.012935,-1.476549,1
148,14800.000000,0.012879,-1.507964,2
149,14900.000000,0.012812,-1.539380,1
150,15000.000000,0.012732,-1.570796,2
151,15100.000000,0.012642,-1.602212,1
152,15200.000000,0.012540,-1.633628,2
153,15300.000000,0.012427,-1.665044,1
154,15400.000000,0.012304,-1.696460,2
155,15500.000000,0.012170,-1.727876,1
156,15600.000000,0.012026,-1.759292,2
157,15700.000000,0.011872,-1.790708,1
158,15800.000000,0.011708,-1.822124,2
159,15900.000000,0.011535,-1.853540,1
160,16000.000000,0.011352,-1.884956,2
161,16100.000000,0.011161,-1.916372,1
162,16200.000000,0.010961,-1.947787,2
163,16300.000000,0.010753,-1.979203,1
164,16400.000000,0.010537,-2.010619,2
165,16500.000000,0.010313,-2.042035,1
166,16600.000000,0.010082,-2.073451,2
167,16700.000000,0.009844,-2.104867,1
168,16800.000000,0.009598,-2.136283,2
169,16900.000000,0.009347,-2.167699,1
170,17000.000000,0.009089,-2.199115,2
171,17100.000000,0.008825,-2.230531,1
172,17200.000000,0.008556,-2.261947,2
173,17300.000000,0.008281,-2.293363,1
174,17400.000000,0.008001,-2.324779,2
175,17500.000000,0.007717,-2.356194,1
176,17600.000000,0.007428,-2.387610,2
177,17700.000000,0.007136,-2.419026,1
178,17800.000000,0.006839,-2.450442,2
179,17900.000000,0.006539,-2.481858,1
180,18000.000000,0.006237,-2.513274,2
181,18100.000000,0.005931,-2.544690,1
182,18200.000000,0.005623,-2.576106,2
183,18300.000000,0.005313,-2.607522,1
184,18400.000000,0.005000,-2.638938,2
185,18500.000000,0.004687,-2.670354,1
186,18600.000000,0.004372,-2.701770,2
187,18700.000000,0.004056,-2.733186,1
188,18800.000000,0.003740,-2.764602,2
189,18900.000000,0.003423,-2.796017,1
190,19000.000000,0.003106,-2.827433,2
191,19100.000000,0.002790,-2.858849,1
192,19200.000000,0.002474,-2.890265,2
193,19300.000000,0.002159,-2.921681,1
194,19400.000000,0.001845,-2.953097,2
195,19500.000000,0.001532,-2.984513,1
196,19600.000000,0.001221,-3.015929,2
197,19700.000000,0.000912,-3.047345,1
198,19800.000000,0.000606,-3.078761,2
199,19900.000000,0.000301,-3.110177,1
200,20000.000000,0.000000,-3.141593,2
201,20100.000000,0.000298,-0.031416,1
202,20200.000000,0.000594,-0.062832,2
203,20300.000000,0.000885,-0.094248,1
204,20400.000000,0.001173,-0.125664,2
205,20500.000000,0.001457,-0.157080,1
206,20600.000000,0.001737,-0.188496,2
207,20700.000000,0.002013,-0.219911,1
208,20800.000000,0.002283,-0.251327,2
209,20900.000000,0.002549,-0.282743,1
210,21000.000000,0.002810,-0.314159,2
211,21100.000000,0.003066,-0.345575,1
212,21200.000000,0.003316,-0.376991,2
213,21300.000000,0.003561,-0.408407,1
214,21400.000000,0.003800,-0.439823,2
215,21500.000000,0.004033,-0.471239,1
216,21600.000000,0.004260,-0.502655,2
217,21700.000000,0.004480,-0.534071,1
218,21800.000000,0.004694,-0.565487,2
219,21900.000000,0.004902,-0.596903,1
220,22000.000000,0.005103,-0.628319,2
221,22100.000000,0.005297,-0.659734,1
222,22200.000000,0.005484,-0.691150,2
223,22300.000000,0.005664,-0.722566,1
224,22400.000000,0.005837,-0.753982,2
225,22500.000000,0.006002,-0.785398,1
226,22600.000000,0.006160,-0.816814,2
227,22700.000000,0.006311,-0.848230,1
228,22800.000000,0.006454,-0.879646,2
229,22900.000000,0.006590,-0.911062,1
230,23000.000000,0.006718,-0.942478,2
231,23100.000000,0.006838,-0.973894,1
232,23200.000000,0.006951,-1.005310,2
233,23300.000000,0.007055,-1.036726,1
234,23400.000000,0.007152,-1.068142,2
235,23500.000000,0.007241,-1.099557,1
236,23600.000000,0.007322,-1.130973,2
237,23700.000000,0.007396,-1.162389,1
238,23800.000000,0.007461,-1.193805,2
239,23900.000000,0.007519,-1.225221,1
240,24000.000000,0.007568,-1.256637,2
241,24100.000000,0.007610,-1.288053,1
242,24200.000000,0.007644,-1.319469,2
243,24300.000000,0.007670,-1.350885,1
244,24400.000000,0.007689,-1.382301,2
245,24500.000000,0.007699,-1.413717,1
246,24600.000000,0.007702,-1.445133,2
247,24700.000000,0.007698,-1.476549,1
248,24800.000000,0.007686,-1.507964,2
249,24900.000000,0.007666,-1.539380,1
250,25000.000000,0.007639,-1.570796,2
251,25100.000000,0.007605,-1.602212,1
252,25200.000000,0.007564,-1.633628,2
253,25300.000000,0.007515,-1.665044,1
254,25400.000000,0.007460,-1.696460,2
255,25500.000000,0.007397,-1.727876,1
256,25600.000000,0.007328,-1.759292,2
257,25700.000000,0.007252,-1.790708,1
258,25800.000000,0.007170,-1.822124,2
259,25900.000000,0.007081,-1.853540,1
260,26000.000000,0.006986,-1.884956,2
261,26100.000000,0.006885,-1.916372,1
262,26200.000000,0.006778,-1.947787,2
263,26300.000000,0.006665,-1.979203,1
264,26400.000000,0.006546,-2.010619,2
265,26500.000000,0.006421,-2.042035,1
266,26600.000000,0.006292,-2.073451,2
267,26700.000000,0.006157,-2.104867,1
268,26800.000000,0.006017,-2.136283,2
269,26900.000000,0.005872,-2.167699,1
270,27000.000000,0.005723,-2.199115,2
271,27100.000000,0.005569,-2.230531,1
272,27200.000000,0.005410,-2.261947,2
273,27300.000000,0.005248,-2.293363,1
274,27400.000000,0.005081,-2.324779,2
275,27500.000000,0.004911,-2.356194,1
276,27600.000000,0.004737,-2.387610,2
277,27700.000000,0.004560,-2.419026,1
278,27800.000000,0.004379,-2.450442,2
279,27900.000000,0.004196,-2.481858,1
280,28000.000000,0.004009,-2.513274,2
281,28100.000000,0.003820,-2.544690,1
282,28200.000000,0.003629,-2.576106,2
283,28300.000000,0.003435,-2.607522,1
284,28400.000000,0.003240,-2.638938,2
285,28500.000000,0.003042,-2.670354,1
286,28600.000000,0.002843,-2.701770,2
287,28700.000000,0.002643,-2.733186,1
288,28800.000000,0.002441,-2.764602,2
289,28900.000000,0.002239,-2.796017,1
290,29000.000000,0.002035,-2.827433,2
291,29100.000000,0.001831,-2.858849,1
292,29200.000000,0.001627,-2.890265,2
293,29300.000000,0.001422,-2.921681,1
294,29400.000000,0.001217,-2.953097,2
295,29500.000000,0.001013,-2.984513,1
296,29600.000000,0.000809,-3.015929,2
297,29700.000000,0.000605,-3.047345,1
298,29800.000000,0.000402,-3.078761,2
299,29900.000000,0.000201,-3.110177,1
300,30000.000000,0.000000,-3.141593,2
301,30100.000000,0.000199,-0.031416,1
302,30200.000000,0.000397,-0.062832,2
303,30300.000000,0.000593,-0.094248,1
304,30400.000000,0.000787,-0.125664,2
305,30500.000000,0.000980,-0.157080,1
306,30600.000000,0.001170,-0.188496,2
307,30700.000000,0.001357,-0.219911,1
308,30800.000000,0.001542,-0.251327,2
309,30900.000000,0.001724,-0.282743,1
310,31000.000000,0.001904,-0.314159,2
311,31100.000000,0.002080,-0.345575,1
312,31200.000000,0.002253,-0.376991,2
313,31300.000000,0.002423,-0.408407,1
314,31400.000000,0.002590,-0.439823,2
315,31500.000000,0.002753,-0.471239,1
316,31600.000000,0.002912,-0.502655,2
317,31700.000000,0.003067,-0.534071,1
318,31800.000000,0.003218,-0.565487,2
319,31900.000000,0.003365,-0.596903,1
320,32000.000000,0.003508,-0.628319,2
321,32100.000000,0.003647,-0.659734,1
322,32200.000000,0.003781,-0.691150,2
323,32300.000000,0.003910,-0.722566,1
324,32400.000000,0.004035,-0.753982,2
325,32500.000000,0.004155,-0.785398,1
326,32600.000000,0.004271,-0.816814,2
327,32700.000000,0.004381,-0.848230,1
328,32800.000000,0.004486,-0.879646,2
329,32900.000000,0.004587,-0.911062,1
330,33000.000000,0.004682,-0.942478,2
331,33100.000000,0.004772,-0.973894,1
332,33200.000000,0.004857,-1.005310,2
333,33300.000000,0.004937,-1.036726,1
334,33400.000000,0.005011,-1.068142,2
335,33500.000000,0.005080,-1.099557,1
336,33600.000000,0.005143,-1.130973,2
337,33700.000000,0.005201,-1.162389,1
338,33800.000000,0.005254,-1.193805,2
339,33900.000000,0.005301,-1.225221,1
340,34000.000000,0.005342,-1.256637,2
341,34100.000000,0.005378,-1.288053,1
342,34200.000000,0.005409,-1.319469,2
343,34300.000000,0.005434,-1.350885,1
344,34400.000000,0.005454,-1.382301,2
345,34500.000000,0.005468,-1.413717,1
346,34600.000000,0.005476,-1.445133,2
347,34700.000000,0.005479,-1.476549,1
348,34800.000000,0.005477,-1.507964,2
349,34900.000000,0.005470,-1.539380,1
350,35000.000000,0.005457,-1.570796,2
351,35100.000000,0.005439,-1.602212,1
352,35200.000000,0.005415,-1.633628,2
353,35300.000000,0.005386,-1.665044,1
354,35400.000000,0.005353,-1.696460,2
355,35500.000000,0.005314,-1.727876,1
356,35600.000000,0.005270,-1.759292,2
357,35700.000000,0.005221,-1.790708,1
358,35800.000000,0.005167,-1.822124,2
359,35900.000000,0.005109,-1.853540,1
360,36000.000000,0.005046,-1.884956,2
361,36100.000000,0.004978,-1.916372,1
362,36200.000000,0.004905,-1.947787,2
363,36300.000000,0.004829,-1.979203,1
364,36400.000000,0.004748,-2.010619,2
365,36500.000000,0.004662,-2.042035,1
366,36600.000000,0.004573,-2.073451,2
367,36700.000000,0.004479,-2.104867,1
368,36800.000000,0.004382,-2.136283,2
369,36900.000000,0.004281,-2.167699,1
370,37000.000000,0.004176,-2.199115,2
371,37100.000000,0.004068,-2.230531,1
372,37200.000000,0.003956,-2.261947,2
373,37300.000000,0.003841,-2.293363,1
374,37400.000000,0.003723,-2.324779,2
375,37500.000000,0.003601,-2.356194,1
376,37600.000000,0.003477,-2.387610,2
377,37700.000000,0.003350,-2.419026,1
378,37800.000000,0.003221,-2.450442,2
379,37900.000000,0.003089,-2.481858,1
380,38000.000000,0.002954,-2.513274,2
381,38100.000000,0.002818,-2.544690,1
382,38200.000000,0.002679,-2.576106,2
383,38300.000000,0.002538,-2.607522,1
384,38400.000000,0.002396,-2.638938,2
385,38500.000000,0.002252,-2.670354,1
386,38600.000000,0.002107,-2.701770,2
387,38700.000000,0.001960,-2.733186,1
388,38800.000000,0.001812,-2.764602,2
389,38900.000000,0.001663,-2.796017,1
390,39000.000000,0.001513,-2.827433,2
391,39100.000000,0.001363,-2.858849,1
392,39200.000000,0.001212,-2.890265,2
393,39300.000000,0.001060,-2.921681,1
394,39400.000000,0.000908,-2.953097,2
395,39500.000000,0.000756,-2.984513,1
396,39600.000000,0.000604,-3.015929,2
397,39700.000000,0.000453,-3.047345,1
398,39800.000000,0.000301,-3.078761,2
399,39900.000000,0.000150,-3.110177,1
400,40000.000000,0.000000,-3.141593,2
401,40100.000000,0.000150,-0.031416,1
402,40200.000000,0.000298,-0.062832,2
403,40300.000000,0.000446,-0.094248,1
404,40400.000000,0.000592,-0.125664,2
405,40500.000000,0.000738,-0.157080,1
406,40600.000000,0.000881,-0.188496,2
407,40700.000000,0.001024,-0.219911,1
408,40800.000000,0.001164,-0.251327,2
409,40900.000000,0.001303,-0.282743,1
410,41000.000000,0.001439,-0.314159,2
411,41100.000000,0.001574,-0.345575,1
412,41200.000000,0.001706,-0.376991,2
413,41300.000000,0.001837,-0.408407,1
414,41400.000000,0.001964,-0.439823,2
415,41500.000000,0.002089,-0.471239,1
416,41600.000000,0.002212,-0.502655,2
417,41700.000000,0.002331,-0.534071,1
418,41800.000000,0.002448,-0.565487,2
419,41900.000000,0.002562,-0.596903,1
420,42000.000000,0.002673,-0.628319,2
421,42100.000000,0.002780,-0.659734,1
422,42200.000000,0.002885,-0.691150,2
423,42300.000000,0.002986,-0.722566,1
424,42400.000000,0.003083,-0.753982,2
425,42500.000000,0.003178,-0.785398,1
426,42600.000000,0.003268,-0.816814,2
427,42700.000000,0.003355,-0.848230,1
428,42800.000000,0.003438,-0.879646,2
429,42900.000000,0.003518,-0.911062,1
430,43000.000000,0.003593,-0.942478,2
431,43100.000000,0.003665,-0.973894,1
432,43200.000000,0.003733,-1.005310,2
433,43300.000000,0.003797,-1.036726,1
434,43400.000000,0.003856,-1.068142,2
435,43500.000000,0.003912,-1.099557,1
436,43600.000000,0.003964,-1.130973,2
437,43700.000000,0.004011,-1.162389,1
438,43800.000000,0.004054,-1.193805,2
439,43900.000000,0.004093,-1.225221,1
440,44000.000000,0.004128,-1.256637,2
441,44100.000000,0.004159,-1.288053,1
442,44200.000000,0.004185,-1.319469,2
443,44300.000000,0.004207,-1.350885,1
444,44400.000000,0.004225,-1.382301,2
445,44500.000000,0.004239,-1.413717,1
446,44600.000000,0.004248,-1.445133,2
447,44700.000000,0.004254,-1.476549,1
448,44800.000000,0.004255,-1.507964,2
449,44900.000000,0.004251,-1.539380,1
450,45000.000000,0.004244,-1.570796,2
451,45100.000000,0.004233,-1.602212,1
452,45200.000000,0.004217,-1.633628,2
453,45300.000000,0.004197,-1.665044,1
454,45400.000000,0.004174,-1.696460,2
455,45500.000000,0.004146,-1.727876,1
456,45600.000000,0.004114,-1.759292,2
457,45700.000000,0.004078,-1.790708,1
458,45800.000000,0.004039,-1.822124,2
459,45900.000000,0.003996,-1.853540,1
460,46000.000000,0.003949,-1.884956,2
461,46100.000000,0.003898,-1.916372,1
462,46200.000000,0.003844,-1.947787,2
463,46300.000000,0.003786,-1.979203,1
464,46400.000000,0.003724,-2.010619,2
465,46500.000000,0.003660,-2.042035,1
466,46600.000000,0.003591,-2.073451,2
467,46700.000000,0.003520,-2.104867,1
468,46800.000000,0.003446,-2.136283,2
469,46900.000000,0.003368,-2.167699,1
470,47000.000000,0.003287,-2.199115,2
471,47100.000000,0.003204,-2.230531,1
472,47200.000000,0.003118,-2.261947,2
473,47300.000000,0.003029,-2.293363,1
474,47400.000000,0.002937,-2.324779,2
475,47500.000000,0.002843,-2.356194,1
476,47600.000000,0.002747,-2.387610,2
477,47700.000000,0.002648,-2.419026,1
478,47800.000000,0.002547,-2.450442,2
479,47900.000000,0.002444,-2.481858,1
480,48000.000000,0.002339,-2.513274,2
481,48100.000000,0.002232,-2.544690,1
482,48200.000000,0.002123,-2.576106,2
483,48300.000000,0.002013,-2.607522,1
484,48400.000000,0.001901,-2.638938,2
485,48500.000000,0.001788,-2.670354,1
486,48600.000000,0.001673,-2.701770,2
487,48700.000000,0.001557,-2.733186,1
488,48800.000000,0.001441,-2.764602,2
489,48900.000000,0.001323,-2.796017,1
490,49000.000000,0.001204,-2.827433,2
491,49100.000000,0.001085,-2.858849,1
492,49200.000000,0.000965,-2.890265,2
493,49300.000000,0.000845,-2.921681,1
494,49400.000000,0.000724,-2.953097,2
495,49500.000000,0.000604,-2.984513,1
496,49600.000000,0.000483,-3.015929,2
497,49700.000000,0.000362,-3.047345,1
498,49800.000000,0.000241,-3.078761,2
499,49900.000000,0.000120,-3.110177,1
500,50000.000000,0.000000,-3.141593,2
501,50100.000000,0.000120,-0.031416,1
502,50200.000000,0.000239,-0.062832,2
503,50300.000000,0.000357,-0.094248,1
504,50400.000000,0.000475,-0.125664,2
505,50500.000000,0.000592,-0.157080,1
506,50600.000000,0.000707,-0.188496,2
507,50700.000000,0.000822,-0.219911,1
508,50800.000000,0.000935,-0.251327,2
509,50900.000000,0.001047,-0.282743,1
510,51000.000000,0.001157,-0.314159,2
511,51100.000000,0.001266,-0.345575,1
512,51200.000000,0.001373,-0.376991,2
513,51300.000000,0.001479,-0.408407,1
514,51400.000000,0.001582,-0.439823,2
515,51500.000000,0.001684,-0.471239,1
516,51600.000000,0.001783,-0.502655,2
517,51700.000000,0.001880,-0.534071,1
518,51800.000000,0.001976,-0.565487,2
519,51900.000000,0.002068,-0.596903,1
520,52000.000000,0.002159,-0.628319,2
521,52100.000000,0.002247,-0.659734,1
522,52200.000000,0.002332,-0.691150,2
523,52300.000000,0.002415,-0.722566,1
524,52400.000000,0.002495,-0.753982,2
525,52500.000000,0.002572,-0.785398,1
526,52600.000000,0.002647,-0.816814,2
527,52700.000000,0.002718,-0.848230,1
528,52800.000000,0.002787,-0.879646,2
529,52900.000000,0.002853,-0.911062,1
530,53000.000000,0.002915,-0.942478,2
531,53100.000000,0.002975,-0.973894,1
532,53200.000000,0.003031,-1.005310,2
533,53300.000000,0.003084,-1.036726,1
534,53400.000000,0.003134,-1.068142,2
535,53500.000000,0.003181,-1.099557,1
536,53600.000000,0.003224,-1.130973,2
537,53700.000000,0.003264,-1.162389,1
538,53800.000000,0.003301,-1.193805,2
539,53900.000000,0.003334,-1.225221,1
540,54000.000000,0.003364,-1.256637,2
541,54100.000000,0.003390,-1.288053,1
542,54200.000000,0.003413,-1.319469,2
543,54300.000000,0.003433,-1.350885,1
544,54400.000000,0.003449,-1.382301,2
545,54500.000000,0.003461,-1.413717,1
546,54600.000000,0.003470,-1.445133,2
547,54700.000000,0.003476,-1.476549,1
548,54800.000000,0.003478,-1.507964,2
549,54900.000000,0.003477,-1.539380,1
550,55000.000000,0.003472,-1.570796,2
551,55100.000000,0.003464,-1.602212,1
552,55200.000000,0.003453,-1.633628,2
553,55300.000000,0.003438,-1.665044,1
554,55400.000000,0.003420,-1.696460,2
555,55500.000000,0.003399,-1.727876,1
556,55600.000000,0.003374,-1.759292,2
557,55700.000000,0.003346,-1.790708,1
558,55800.000000,0.003315,-1.822124,2
559,55900.000000,0.003281,-1.853540,1
560,56000.000000,0.003244,-1.884956,2
561,56100.000000,0.003203,-1.916372,1
562,56200.000000,0.003160,-1.947787,2
563,56300.000000,0.003113,-1.979203,1
564,56400.000000,0.003064,-2.010619,2
565,56500.000000,0.003012,-2.042035,1
566,56600.000000,0.002957,-2.073451,2
567,56700.000000,0.002899,-2.104867,1
568,56800.000000,0.002839,-2.136283,2
569,56900.000000,0.002776,-2.167699,1
570,57000.000000,0.002711,-2.199115,2
571,57100.000000,0.002643,-2.230531,1
572,57200.000000,0.002573,-2.261947,2
573,57300.000000,0.002500,-2.293363,1
574,57400.000000,0.002425,-2.324779,2
575,57500.000000,0.002349,-2.356194,1
576,57600.000000,0.002270,-2.387610,2
577,57700.000000,0.002189,-2.419026,1
578,57800.000000,0.002106,-2.450442,2
579,57900.000000,0.002022,-2.481858,1
580,58000.000000,0.001935,-2.513274,2
581,58100.000000,0.001848,-2.544690,1
582,58200.000000,0.001758,-2.576106,2
583,58300.000000,0.001668,-2.607522,1
584,58400.000000,0.001575,-2.638938,2
585,58500.000000,0.001482,-2.670354,1
586,58600.000000,0.001388,-2.701770,2
587,58700.000000,0.001292,-2.733186,1
588,58800.000000,0.001196,-2.764602,2
589,58900.000000,0.001098,-2.796017,1
590,59000.000000,0.001000,-2.827433,2
591,59100.000000,0.000902,-2.858849,1
592,59200.000000,0.000802,-2.890265,2
593,59300.000000,0.000703,-2.921681,1
594,59400.000000,0.000602,-2.953097,2
595,59500.000000,0.000502,-2.984513,1
596,59600.000000,0.000402,-3.015929,2
597,59700.000000,0.000301,-3.047345,1
598,59800.000000,0.000201,-3.078761,2
599,59900.000000,0.000100,-3.110177,1
600,60000.000000,0.000000,-3.141593,2
601,60100.000000,0.000100,-0.031416,1
602,60200.000000,0.000199,-0.062832,2
603,60300.000000,0.000298,-0.094248,1
604,60400.000000,0.000396,-0.125664,2
605,60500.000000,0.000494,-0.157080,1
606,60600.000000,0.000591,-0.188496,2
607,60700.000000,0.000686,-0.219911,1
608,60800.000000,0.000781,-0.251327,2
609,60900.000000,0.000875,-0.282743,1
610,61000.000000,0.000968,-0.314159,2
611,61100.000000,0.001059,-0.345575,1
612,61200.000000,0.001149,-0.376991,2
613,61300.000000,0.001237,-0.408407,1
614,61400.000000,0.001324,-0.439823,2
615,61500.000000,0.001410,-0.471239,1
616,61600.000000,0.001494,-0.502655,2
617,61700.000000,0.001576,-0.534071,1
618,61800.000000,0.001656,-0.565487,2
619,61900.000000,0.001734,-0.596903,1
620,62000.000000,0.001811,-0.628319,2
621,62100.000000,0.001885,-0.659734,1
622,62200.000000,0.001957,-0.691150,2
623,62300.000000,0.002027,-0.722566,1
624,62400.000000,0.002095,-0.753982,2
625,62500.000000,0.002161,-0.785398,1
626,62600.000000,0.002224,-0.816814,2
627,62700.000000,0.002285,-0.848230,1
628,62800.000000,0.002343,-0.879646,2
629,62900.000000,0.002399,-0.911062,1
630,63000.000000,0.002453,-0.942478,2
631,63100.000000,0.002503,-0.973894,1
632,63200.000000,0.002551,-1.005310,2
633,63300.000000,0.002597,-1.036726,1
634,63400.000000,0.002640,-1.068142,2
635,63500.000000,0.002680,-1.099557,1
636,63600.000000,0.002717,-1.130973,2
637,63700.000000,0.002752,-1.162389,1
638,63800.000000,0.002783,-1.193805,2
639,63900.000000,0.002812,-1.225221,1
640,64000.000000,0.002838,-1.256637,2
641,64100.000000,0.002861,-1.288053,1
642,64200.000000,0.002881,-1.319469,2
643,64300.000000,0.002899,-1.350885,1
644,64400.000000,0.002913,-1.382301,2
645,64500.000000,0.002925,-1.413717,1
646,64600.000000,0.002933,-1.445133,2
647,64700.000000,0.002939,-1.476549,1
648,64800.000000,0.002941,-1.507964,2
649,64900.000000,0.002941,-1.539380,1
650,65000.000000,0.002938,-1.570796,2
651,65100.000000,0.002932,-1.602212,1
652,65200.000000,0.002923,-1.633628,2
653,65300.000000,0.002912,-1.665044,1
654,65400.000000,0.002897,-1.696460,2
655,65500.000000,0.002880,-1.727876,1
656,65600.000000,0.002860,-1.759292,2
657,65700.000000,0.002837,-1.790708,1
658,65800.000000,0.002811,-1.822124,2
659,65900.000000,0.002783,-1.853540,1
660,66000.000000,0.002752,-1.884956,2
661,66100.000000,0.002719,-1.916372,1
662,66200.000000,0.002682,-1.947787,2
663,66300.000000,0.002644,-1.979203,1
664,66400.000000,0.002603,-2.010619,2
665,66500.000000,0.002559,-2.042035,1
666,66600.000000,0.002513,-2.073451,2
667,66700.000000,0.002465,-2.104867,1
668,66800.000000,0.002414,-2.136283,2
669,66900.000000,0.002361,-2.167699,1
670,67000.000000,0.002306,-2.199115,2
671,67100.000000,0.002249,-2.230531,1
672,67200.000000,0.002190,-2.261947,2
673,67300.000000,0.002129,-2.293363,1
674,67400.000000,0.002066,-2.324779,2
675,67500.000000,0.002001,-2.356194,1
676,67600.000000,0.001934,-2.387610,2
677,67700.000000,0.001866,-2.419026,1
678,67800.000000,0.001796,-2.450442,2
679,67900.000000,0.001724,-2.481858,1
680,68000.000000,0.001651,-2.513274,2
681,68100.000000,0.001576,-2.544690,1
682,68200.000000,0.001501,-2.576106,2
683,68300.000000,0.001423,-2.607522,1
684,68400.000000,0.001345,-2.638938,2
685,68500.000000,0.001266,-2.670354,1
686,68600.000000,0.001185,-2.701770,2
687,68700.000000,0.001104,-2.733186,1
688,68800.000000,0.001022,-2.764602,2
689,68900.000000,0.000939,-2.796017,1
690,69000.000000,0.000855,-2.827433,2
691,69100.000000,0.000771,-2.858849,1
692,69200.000000,0.000686,-2.890265,2
693,69300.000000,0.000601,-2.921681,1
694,69400.000000,0.000516,-2.953097,2
695,69500.000000,0.000430,-2.984513,1
696,69600.000000,0.000344,-3.015929,2
697,69700.000000,0.000258,-3.047345,1
698,69800.000000,0.000172,-3.078761,2
699,69900.000000,0.000086,-3.110177,1
700,70000.000000,0.000000,-3.141593,2
701,70100.000000,0.000086,-0.031416,1
702,70200.000000,0.000171,-0.062832,2
703,70300.000000,0.000256,-0.094248,1
704,70400.000000,0.000340,-0.125664,2
705,70500.000000,0.000424,-0.157080,1
706,70600.000000,0.000507,-0.188496,2
707,70700.000000,0.000589,-0.219911,1
708,70800.000000,0.000671,-0.251327,2
709,70900.000000,0.000752,-0.282743,1
710,71000.000000,0.000831,-0.314159,2
711,71100.000000,0.000910,-0.345575,1
712,71200.000000,0.000987,-0.376991,2
713,71300.000000,0.001064,-0.408407,1
714,71400.000000,0.001139,-0.439823,2
715,71500.000000,0.001213,-0.471239,1
716,71600.000000,0.001285,-0.502655,2
717,71700.000000,0.001356,-0.534071,1
718,71800.000000,0.001425,-0.565487,2
719,71900.000000,0.001493,-0.596903,1
720,72000.000000,0.001559,-0.628319,2
721,72100.000000,0.001624,-0.659734,1
722,72200.000000,0.001686,-0.691150,2
723,72300.000000,0.001747,-0.722566,1
724,72400.000000,0.001806,-0.753982,2
725,72500.000000,0.001863,-0.785398,1
726,72600.000000,0.001918,-0.816814,2
727,72700.000000,0.001971,-0.848230,1
728,72800.000000,0.002021,-0.879646,2
729,72900.000000,0.002070,-0.911062,1
730,73000.000000,0.002117,-0.942478,2
731,73100.000000,0.002161,-0.973894,1
732,73200.000000,0.002203,-1.005310,2
733,73300.000000,0.002243,-1.036726,1
734,73400.000000,0.002280,-1.068142,2
735,73500.000000,0.002315,-1.099557,1
736,73600.000000,0.002348,-1.130973,2
737,73700.000000,0.002378,-1.162389,1
738,73800.000000,0.002406,-1.193805,2
739,73900.000000,0.002432,-1.225221,1
740,74000.000000,0.002455,-1.256637,2
741,74100.000000,0.002475,-1.288053,1
742,74200.000000,0.002493,-1.319469,2
743,74300.000000,0.002509,-1.350885,1
744,74400.000000,0.002522,-1.382301,2
745,74500.000000,0.002532,-1.413717,1
746,74600.000000,0.002540,-1.445133,2
747,74700.000000,0.002545,-1.476549,1
748,74800.000000,0.002548,-1.507964,2
749,74900.000000,0.002549,-1.539380,1
750,75000.000000,0.002546,-1.570796,2
751,75100.000000,0.002542,-1.602212,1
752,75200.000000,0.002535,-1.633628,2
753,75300.000000,0.002525,-1.665044,1
754,75400.000000,0.002513,-1.696460,2
755,75500.000000,0.002498,-1.727876,1
756,75600.000000,0.002482,-1.759292,2
757,75700.000000,0.002462,-1.790708,1
758,75800.000000,0.002440,-1.822124,2
759,75900.000000,0.002416,-1.853540,1
760,76000.000000,0.002390,-1.884956,2
761,76100.000000,0.002361,-1.916372,1
762,76200.000000,0.002330,-1.947787,2
763,76300.000000,0.002297,-1.979203,1
764,76400.000000,0.002262,-2.010619,2
765,76500.000000,0.002224,-2.042035,1
766,76600.000000,0.002185,-2.073451,2
767,76700.000000,0.002143,-2.104867,1
768,76800.000000,0.002100,-2.136283,2
769,76900.000000,0.002054,-2.167699,1
770,77000.000000,0.002007,-2.199115,2
771,77100.000000,0.001957,-2.230531,1
772,77200.000000,0.001906,-2.261947,2
773,77300.000000,0.001853,-2.293363,1
774,77400.000000,0.001799,-2.324779,2
775,77500.000000,0.001743,-2.356194,1
776,77600.000000,0.001685,-2.387610,2
777,77700.000000,0.001625,-2.419026,1
778,77800.000000,0.001565,-2.450442,2
779,77900.000000,0.001503,-2.481858,1
780,78000.000000,0.001439,-2.513274,2
781,78100.000000,0.001375,-2.544690,1
782,78200.000000,0.001309,-2.576106,2
783,78300.000000,0.001242,-2.607522,1
784,78400.000000,0.001174,-2.638938,2
785,78500.000000,0.001105,-2.670354,1
786,78600.000000,0.001035,-2.701770,2
787,78700.000000,0.000964,-2.733186,1
788,78800.000000,0.000892,-2.764602,2
789,78900.000000,0.000820,-2.796017,1
790,79000.000000,0.000747,-2.827433,2
791,79100.000000,0.000674,-2.858849,1
792,79200.000000,0.000600,-2.890265,2
793,79300.000000,0.000525,-2.921681,1
794,79400.000000,0.000451,-2.953097,2
795,79500.000000,0.000376,-2.984513,1
796,79600.000000,0.000301,-3.015929,2
797,79700.000000,0.000226,-3.047345,1
798,79800.000000,0.000150,-3.078761,2
799,79900.000000,0.000075,-3.110177,1
800,80000.000000,0.000000,-3.141593,2
801,80100.000000,0.000075,-0.031416,1
802,80200.000000,0.000150,-0.062832,2
803,80300.000000,0.000224,-0.094248,1
804,80400.000000,0.000298,-0.125664,2
805,80500.000000,0.000371,-0.157080,1
806,80600.000000,0.000444,-0.188496,2
807,80700.000000,0.000516,-0.219911,1
808,80800.000000,0.000588,-0.251327,2
809,80900.000000,0.000659,-0.282743,1
810,81000.000000,0.000729,-0.314159,2
811,81100.000000,0.000798,-0.345575,1
812,81200.000000,0.000866,-0.376991,2
813,81300.000000,0.000933,-0.408407,1
814,81400.000000,0.000999,-0.439823,2
815,81500.000000,0.001064,-0.471239,1
816,81600.000000,0.001128,-0.502655,2
817,81700.000000,0.001190,-0.534071,1
818,81800.000000,0.001251,-0.565487,2
819,81900.000000,0.001311,-0.596903,1
820,82000.000000,0.001369,-0.628319,2
821,82100.000000,0.001426,-0.659734,1
822,82200.000000,0.001481,-0.691150,2
823,82300.000000,0.001535,-0.722566,1
824,82400.000000,0.001587,-0.753982,2
825,82500.000000,0.001637,-0.785398,1
826,82600.000000,0.001686,-0.816814,2
827,82700.000000,0.001732,-0.848230,1
828,82800.000000,0.001777,-0.879646,2
829,82900.000000,0.001820,-0.911062,1
830,83000.000000,0.001862,-0.942478,2
831,83100.000000,0.001901,-0.973894,1
832,83200.000000,0.001938,-1.005310,2
833,83300.000000,0.001973,-1.036726,1
834,83400.000000,0.002007,-1.068142,2
835,83500.000000,0.002038,-1.099557,1
836,83600.000000,0.002067,-1.130973,2
837,83700.000000,0.002094,-1.162389,1
838,83800.000000,0.002119,-1.193805,2
839,83900.000000,0.002142,-1.225221,1
840,84000.000000,0.002162,-1.256637,2
841,84100.000000,0.002181,-1.288053,1
842,84200.000000,0.002197,-1.319469,2
843,84300.000000,0.002211,-1.350885,1
844,84400.000000,0.002223,-1.382301,2
845,84500.000000,0.002232,-1.413717,1
846,84600.000000,0.002240,-1.445133,2
847,84700.000000,0.002245,-1.476549,1
848,84800.000000,0.002248,-1.507964,2
849,84900.000000,0.002248,-1.539380,1
850,85000.000000,0.002247,-1.570796,2
851,85100.000000,0.002243,-1.602212,1
852,85200.000000,0.002237,-1.633628,2
853,85300.000000,0.002229,-1.665044,1
854,85400.000000,0.002219,-1.696460,2
855,85500.000000,0.002206,-1.727876,1
856,85600.000000,0.002192,-1.759292,2
857,85700.000000,0.002175,-1.790708,1
858,85800.000000,0.002156,-1.822124,2
859,85900.000000,0.002135,-1.853540,1
860,86000.000000,0.002112,-1.884956,2
861,86100.000000,0.002087,-1.916372,1
862,86200.000000,0.002060,-1.947787,2
863,86300.000000,0.002031,-1.979203,1
864,86400.000000,0.002000,-2.010619,2
865,86500.000000,0.001967,-2.042035,1
866,86600.000000,0.001933,-2.073451,2
867,86700.000000,0.001896,-2.104867,1
868,86800.000000,0.001858,-2.136283,2
869,86900.000000,0.001818,-2.167699,1
870,87000.000000,0.001776,-2.199115,2
871,87100.000000,0.001733,-2.230531,1
872,87200.000000,0.001688,-2.261947,2
873,87300.000000,0.001641,-2.293363,1
874,87400.000000,0.001593,-2.324779,2
875,87500.000000,0.001543,-2.356194,1
876,87600.000000,0.001492,-2.387610,2
877,87700.000000,0.001440,-2.419026,1
878,87800.000000,0.001387,-2.450442,2
879,87900.000000,0.001332,-2.481858,1
880,88000.000000,0.001276,-2.513274,2
881,88100.000000,0.001219,-2.544690,1
882,88200.000000,0.001160,-2.576106,2
883,88300.000000,0.001101,-2.607522,1
884,88400.000000,0.001041,-2.638938,2
885,88500.000000,0.000980,-2.670354,1
886,88600.000000,0.000918,-2.701770,2
887,88700.000000,0.000855,-2.733186,1
888,88800.000000,0.000792,-2.764602,2
889,88900.000000,0.000728,-2.796017,1
890,89000.000000,0.000663,-2.827433,2
891,89100.000000,0.000598,-2.858849,1
892,89200.000000,0.000532,-2.890265,2
893,89300.000000,0.000467,-2.921681,1
894,89400.000000,0.000400,-2.953097,2
895,89500.000000,0.000334,-2.984513,1
896,89600.000000,0.000267,-3.015929,2
897,89700.000000,0.000200,-3.047345,1
898,89800.000000,0.000134,-3.078761,2
899,89900.000000,0.000067,-3.110177,1
900,90000.000000,0.000000,-3.141593,2
901,90100.000000,0.000067,-0.031416,1
902,90200.000000,0.000133,-0.062832,2
903,90300.000000,0.000199,-0.094248,1
904,90400.000000,0.000265,-0.125664,2
905,90500.000000,0.000330,-0.157080,1
906,90600.000000,0.000395,-0.188496,2
907,90700.000000,0.000459,-0.219911,1
908,90800.000000,0.000523,-0.251327,2
909,90900.000000,0.000586,-0.282743,1
910,91000.000000,0.000649,-0.314159,2
911,91100.000000,0.000710,-0.345575,1
912,91200.000000,0.000771,-0.376991,2
913,91300.000000,0.000831,-0.408407,1
914,91400.000000,0.000890,-0.439823,2
915,91500.000000,0.000948,-0.471239,1
916,91600.000000,0.001004,-0.502655,2
917,91700.000000,0.001060,-0.534071,1
918,91800.000000,0.001115,-0.565487,2
919,91900.000000,0.001168,-0.596903,1
920,92000.000000,0.001220,-0.628319,2
921,92100.000000,0.001271,-0.659734,1
922,92200.000000,0.001320,-0.691150,2
923,92300.000000,0.001368,-0.722566,1
924,92400.000000,0.001415,-0.753982,2
925,92500.000000,0.001460,-0.785398,1
926,92600.000000,0.001503,-0.816814,2
927,92700.000000,0.001545,-0.848230,1
928,92800.000000,0.001586,-0.879646,2
929,92900.000000,0.001624,-0.911062,1
930,93000.000000,0.001661,-0.942478,2
931,93100.000000,0.001697,-0.973894,1
932,93200.000000,0.001730,-1.005310,2
933,93300.000000,0.001762,-1.036726,1
934,93400.000000,0.001792,-1.068142,2
935,93500.000000,0.001820,-1.099557,1
936,93600.000000,0.001846,-1.130973,2
937,93700.000000,0.001871,-1.162389,1
938,93800.000000,0.001893,-1.193805,2
939,93900.000000,0.001914,-1.225221,1
940,94000.000000,0.001932,-1.256637,2
941,94100.000000,0.001949,-1.288053,1
942,94200.000000,0.001964,-1.319469,2
943,94300.000000,0.001977,-1.350885,1
944,94400.000000,0.001987,-1.382301,2
945,94500.000000,0.001996,-1.413717,1
946,94600.000000,0.002003,-1.445133,2
947,94700.000000,0.002008,-1.476549,1
948,94800.000000,0.002011,-1.507964,2
949,94900.000000,0.002012,-1.539380,1
950,95000.000000,0.002010,-1.570796,2
951,95100.000000,0.002007,-1.602212,1
952,95200.000000,0.002002,-1.633628,2
953,95300.000000,0.001995,-1.665044,1
954,95400.000000,0.001986,-1.696460,2
955,95500.000000,0.001975,-1.727876,1
956,95600.000000,0.001962,-1.759292,2
957,95700.000000,0.001948,-1.790708,1
958,95800.000000,0.001931,-1.822124,2
959,95900.000000,0.001912,-1.853540,1
960,96000.000000,0.001892,-1.884956,2
961,96100.000000,0.001870,-1.916372,1
962,96200.000000,0.001846,-1.947787,2
963,96300.000000,0.001820,-1.979203,1
964,96400.000000,0.001793,-2.010619,2
965,96500.000000,0.001763,-2.042035,1
966,96600.000000,0.001733,-2.073451,2
967,96700.000000,0.001700,-2.104867,1
968,96800.000000,0.001666,-2.136283,2
969,96900.000000,0.001630,-2.167699,1
970,97000.000000,0.001593,-2.199115,2
971,97100.000000,0.001554,-2.230531,1
972,97200.000000,0.001514,-2.261947,2
973,97300.000000,0.001472,-2.293363,1
974,97400.000000,0.001429,-2.324779,2
975,97500.000000,0.001385,-2.356194,1
976,97600.000000,0.001340,-2.387610,2
977,97700.000000,0.001293,-2.419026,1
978,97800.000000,0.001245,-2.450442,2
979,97900.000000,0.001196,-2.481858,1
980,98000.000000,0.001145,-2.513274,2
981,98100.000000,0.001094,-2.544690,1
982,98200.000000,0.001042,-2.576106,2
983,98300.000000,0.000989,-2.607522,1
984,98400.000000,0.000935,-2.638938,2
985,98500.000000,0.000880,-2.670354,1
986,98600.000000,0.000825,-2.701770,2
987,98700.000000,0.000768,-2.733186,1
988,98800.000000,0.000712,-2.764602,2
989,98900.000000,0.000654,-2.796017,1
990,99000.000000,0.000596,-2.827433,2
991,99100.000000,0.000538,-2.858849,1
992,99200.000000,0.000479,-2.890265,2
993,99300.000000,0.000420,-2.921681,1
994,99400.000000,0.000360,-2.953097,2
995,99500.000000,0.000300,-2.984513,1
996,99600.000000,0.000240,-3.015929,2
997,99700.000000,0.000180,-3.047345,1
998,99800.000000,0.000120,-3.078761,2
999,99900.000000,0.000060,-3.110177,1
1000,100000.000000,0.000000,-3.141593,2
